Material;Tipo material;Texto breve de material;Almacén;Caract;Punto de pedido;Stock alm.máx.;Rubro;Cant Stock;Pendiente en Zstatus;StockTotalDisponible/Camino;%StockBaseDisponible;proxima carga estandar de VA;Columna1;Columna2
1001962;ZSTO;CINTA AISLADORA ROJA X10MT;374;RE;20;20;FERRETERIA;2;;2;10,00%;20/10/2026;8;
1017096;ZSSD;SERRUCHO COSTILLA 9DPP - 20PG;374;RE;11;11;FERRETERIA;2;;2;18,18%;20/10/2026;5;
1001896;ZSTO;PULVERIZADOR P ALCOHOL LIQUIDO 500 ML;374;RE;13;13;LIMPIEZA;3;5;8;61,54%;20/10/2026;5;
1015790;ZSSD;ESPONJA P/LAVAR VAJILLA X UN;374;RE;26;26;LIMPIEZA;8;8;16;61,54%;20/10/2026;13;CONSULTAR
1016983;ZSSD;CUCHARA ALBANIL FORJADA 7PG;374;RE;30;30;FERRETERIA;20;;20;66,67%;20/10/2026;8;CONSULTAR
1001876;ZSTO;CINTA EMBALAR TRANSPARENTE 48MM X 100 MT;374;RE;80;80;LIBRERIA;35;20;55;68,75%;20/10/2026;21;
1015780;ZSSD;CINTA METRICA X 10 MTS;374;RE;100;100;FERRETERIA;55;15;70;70,00%;20/10/2026;10;
1016928;ZSSD;FRATACHO PLASTICO C GOMA ESPUMA 30CM;374;RE;22;22;FERRETERIA;1;15;16;72,73%;20/10/2026;#N/D;
1001961;ZSTO;CINTA AISLADORA NEGRA X10MT;374;RE;54;54;FERRETERIA;12;29;41;75,93%;20/10/2026;10;
1017224;ZSSD;LAPIZ CARPINTERO;374;RE;150;150;FERRETERIA;113;1;114;76,00%;20/10/2026;34;
1046629;ZSTO;PROTECTOR SOLAR LABIAL 50FPS X3,4G;374;RE;500;500;SEGURIDAD;382;;382;76,40%;20/10/2026;238;
1016982;ZSSD;FOLIO A4 ST X100;374;RE;24;24;LIBRERIA;19;;19;79,17%;20/10/2026;13;
1001892;ZSTO;BOLSAS RESIDUOS XUN 102X130ROJA100MICXUN;374;RE;500;500;LIMPIEZA;400;;400;80,00%;20/10/2026;300;
1017149;ZSSD;BARRETA SACACLAVOS 19X600;374;RE;10;10;FERRETERIA;8;;8;80,00%;20/10/2026;#N/D;
1001865;ZSTO;MARCADORINDUSTRIAL-VERDEXUN;374;RE;60;60;LIBRERIA;1;48;49;81,67%;20/10/2026;49;
1001887;ZSTO;BOLSAS RESIDUOS XUN 102X130 AMARILLA;374;RE;1120;1120;LIMPIEZA;485;435;920;82,14%;20/10/2026;300;
1016973;ZSSD;MAZA MINERO 3 KG;374;RE;6;6;FERRETERIA;;5;5;83,33%;20/10/2026;1;
1001869;ZSTO;MARCADORINDUSTRIAL-AMARILLOXUN;374;RE;220;220;LIBRERIA;76;108;184;83,64%;20/10/2026;50;
1017214;ZSSD;DISCO DIAMANTADO P AMOLADORA 7PG;374;RE;50;50;FERRETERIA;2;40;42;84,00%;20/10/2026;10;
1001943;ZSTO;ADHESIVO CIANO 20 G XUN;374;RE;13;13;FERRETERIA;1;10;11;84,62%;20/10/2026;3;
1047258;ZSCD;MECHA ACERO RAPIDO D12MM;374;RE;20;20;FERRETERIA;1;16;17;85,00%;20/10/2026;3;
1001867;ZSTO;MARCADOR INDUSTRIAL-BLANCOXUN;374;RE;240;240;LIBRERIA;132;72;204;85,00%;20/10/2026;37;
1001778;ZSTO;YERBA MATE X 500GRS X UN;374;RE;1000;1000;ALIMENTOS;470;380;850;85,00%;20/10/2026;210;
1035319;ZSSD;"ARCO SIERRA 12"" 300MM";374;RE;20;20;FERRETERIA;17;;17;85,00%;20/10/2026;4;
1001710;ZSTO;CINTA DEMARCAR PELIGRO ECOLOGICA;374;RE;40;40;SEGURIDAD;19;15;34;85,00%;20/10/2026;8;
1047285;ZSCD;MECHA WIDIA SDS PLUS Ø12MM 450MM;374;RE;15;15;FERRETERIA;1;12;13;86,67%;20/10/2026;#N/D;
1001891;ZSTO;PANOABSORVENTE PARAHIDROCARBUROXPAQ100;374;RE;9;9;LIMPIEZA;4;4;8;88,89%;20/10/2026;3;
1001697;ZSTO;GUANTE VAQUETA MEDIO PASEO T.10;374;RE;1800;1800;SEGURIDAD;1046;574;1620;90,00%;20/10/2026;240;
1001686;ZSTO;ANTEOJO GRIS;374;RE;1120;1120;SEGURIDAD;378;642;1020;91,07%;20/10/2026;280;
1001952;ZSTO;TRAPO LIMPIO (BOLSAX10KG) XUN;374;RE;15;15;FERRETERIA;12;2;14;93,33%;20/10/2026;5;
1001971;ZSTO;ESMALTE SINT. AEROSOL ROJO X 440CC;374;RE;24;24;PINTURAS;23;;23;95,83%;20/10/2026;#N/D;
1046628;ZSTO;PROTECTOR SOLAR CREMA 65FPS X90ML;374;RE;500;500;SEGURIDAD;480;;480;96,00%;20/10/2026;178;
1015866;ZSSD;TRAPO DE PISO X UN;374;RE;77;77;LIMPIEZA;21;53;74;96,10%;20/10/2026;31;
1017050;ZSSD;BOBINA PAPEL 25CM 400MT;374;RE;45;45;LIMPIEZA;14;30;44;97,78%;20/10/2026;11;
1001970;ZSTO;ESMALTE SINT. AEROSOL NEGRO X440CC;374;RE;45;45;PINTURAS;43;1;44;97,78%;20/10/2026;#N/D;
1015788;ZSSD;DESODORANTE LÍQUIDO PARA PISO X 5 LTS;374;RE;100;100;LIMPIEZA;18;80;98;98,00%;20/10/2026;27;
1042515;ZSCD;BOTIN CONW 53 BAF MARRON P.ACER N41;374;RE;65;65;SEGURIDAD;48;16;64;98,46%;20/10/2026;9;
1001708;ZSTO;GUANTE POLIAMIDA LAMINADO PALMAPU-TALLE9;374;RE;2000;2000;SEGURIDAD;984;1004;1988;99,40%;20/10/2026;602;
1001927;ZSTO;DISCO CORTE 178X1.6X22 SECUR EXTRA  x UN;374;RE;500;500;FERRETERIA;248;250;498;99,60%;20/10/2026;124;
1001933;ZSTO;DISCO 114x1,6x222 REFORZADO x UN;374;RE;600;600;FERRETERIA;373;225;598;99,67%;20/10/2026;167;
1042798;ZSCD;GUANTE LÁTEX NEGRO INDUSTRIAL T10;374;RE;450;450;INDUMENTARIA;269;180;449;99,78%;20/10/2026;134;
1026942;ZSCD;ESCUADRA ALBANIL 45° 20CMx30CM METAL;374;RE;7;7;FERRETERIA;4;3;7;100,00%;20/10/2026;#N/D;
1025951;ZSSD;MECHA ACERO RAPIDO D8 MM;374;RE;12;12;FERRETERIA;7;5;12;100,00%;20/10/2026;6;
1017089;ZSSD;ESPATULA METALICA 2PG;374;RE;8;8;FERRETERIA;4;4;8;100,00%;20/10/2026;1;
1047515;ZSCD;TANZA 1MM AMARILLA XROLLO 80M;374;RE;35;35;FERRETERIA;30;5;35;100,00%;20/10/2026;#N/D;
1016931;ZSSD;CARRETILLA 75LT REFORZADA C RUEDA NEUMAT;374;RE;10;10;FERRETERIA;5;5;10;100,00%;20/10/2026;3;
1025950;ZSSD;MECHA ACERO RAPIDO D6 MM;374;RE;12;12;FERRETERIA;7;5;12;100,00%;20/10/2026;7;
1017008;ZSSD;ADHESIVO SINTETICO 50GR;374;RE;5;5;FERRETERIA;1;4;5;100,00%;20/10/2026;4;
1001923;ZSTO;AGROPOL 100 MIC 4X50MTS;374;RE;20;20;FERRETERIA;17;3;20;100,00%;20/10/2026;10;
1034240;ZSSD;CHALECO GRAFA NARANJA C/REFLECTIVO T.XXL;374;RE;65;65;SEGURIDAD;61;4;65;100,00%;20/10/2026;28;
1001674;ZSTO;CLAVOS P.PARIS 1 XKG;374;RE;60;60;ACEROS;59;1;60;100,00%;20/10/2026;47;
1041531;ZSCD;DISCO P SIERRA CIRCULAR D9PG 24 DIENTES;374;RE;25;25;FERRETERIA;17;8;25;100,00%;20/10/2026;#N/D;
1027149;ZSSD;DISCO FLAP TYROLIT 115x22 GRANO 80;374;RE;75;75;FERRETERIA;11;64;75;100,00%;20/10/2026;7;
1047474;ZSCD;SOGA NAUTICA 16MM;374;RE;400;400;FERRETERIA;300;100;400;100,00%;20/10/2026;80;
1048842;ZSCD;CARTUCHO TONER NEXT ONE TN660/2370;374;RE;4;4;LIBRERIA;4;;4;100,00%;20/10/2026;1;
1047701;ZSCD;CHALECO REFLECTIVO NARANJA C2 C/LOGO T.M;374;RE;50;50;INDUMENTARIA;16;34;50;100,00%;20/10/2026;11;
1049436;ZSCD;MARTILLO CARPINTERO C/CABO DE FIBRA;374;RE;50;50;FERRETERIA;5;45;50;100,00%;20/10/2026;13;
1042516;ZSCD;BOTIN CONW 53 BAF MARRON P.ACER N42;374;RE;70;70;SEGURIDAD;60;10;70;100,00%;20/10/2026;11;
1042514;ZSCD;BOTIN CONW 53 BAF MARRON P.ACER N40;374;RE;45;45;SEGURIDAD;43;2;45;100,00%;20/10/2026;10;
1042517;ZSCD;BOTIN CONW 53 BAF MARRON P.ACER N43;374;RE;45;45;SEGURIDAD;36;9;45;100,00%;20/10/2026;5;
1026272;ZSCD;DELANTAL KEVLAR C TRIPLE PROT ABDOMINAL;374;RE;20;20;INDUMENTARIA;2;18;20;100,00%;20/10/2026;3;
1016975;ZSSD;MARCADOR P PIZARRA ROJO;374;RE;14;14;LIBRERIA;12;2;14;100,00%;20/10/2026;6;
1041529;ZSCD;HOJA CALADORA P/BOSCHGST650 T111C;374;RE;40;40;FERRETERIA;24;16;40;100,00%;20/10/2026;7;
1016954;ZSSD;TANZA 0.80MM -COLOR ROJO- XROLLO;374;RE;52;52;FERRETERIA;40;12;52;100,00%;20/10/2026;15;
1017084;ZSSD;CEPILLO ACERO 4X19 C MANGO MADERA;374;RE;16;16;LIMPIEZA;4;12;16;100,00%;20/10/2026;2;
1015855;ZSSD;PRECINTO PLASTICO AL-5 X 300MM;374;RE;15;15;FERRETERIA;5;10;15;100,00%;20/10/2026;1;
1016977;ZSSD;MARCADOR P PIZARRA AZUL;374;RE;18;18;LIBRERIA;16;2;18;100,00%;20/10/2026;6;
1026943;ZSCD;ESCUADRA ALBANIL 90° 60CMx90CM METAL;374;RE;7;7;FERRETERIA;4;3;7;100,00%;20/10/2026;1;
1017022;ZSSD;CUADERNO ESPIRAL CUAD A4 T.SEMIDURA 80HJ;374;RE;16;16;LIBRERIA;11;5;16;100,00%;20/10/2026;2;
1016927;ZSSD;CLAVERA SIMPLE;374;RE;50;50;FERRETERIA;41;9;50;100,00%;20/10/2026;10;
1015854;ZSSD;PRECINTO PLASTICO AL-4 X 200MM;374;RE;10;10;FERRETERIA;2;8;10;100,00%;20/10/2026;3;
1016911;ZSSD;CINTA METRICA X20MT;374;RE;10;10;FERRETERIA;2;8;10;100,00%;20/10/2026;1;
1047245;ZSCD;MAZA MINERO 1KG C/ CABO PLASTICO;374;RE;15;15;FERRETERIA;1;14;15;100,00%;20/10/2026;2;
1046936;ZSCD;GUANTE LATEX NEGRO INDUSTRIAL T8 XPAR;374;RE;13;13;INDUMENTARIA;10;3;13;100,00%;20/10/2026;#N/D;
1001879;ZSTO;CINTA DE ENMASCARAR 24 MM XROLLO;374;RE;20;20;LIBRERIA;20;;20;100,00%;20/10/2026;15;
1016938;ZSSD;SILICONA LIQUIDA BRILLO SILICONADO X5LT;374;RE;15;15;LIMPIEZA;13;2;15;100,00%;20/10/2026;#N/D;
1016962;ZSSD;RESALTADOR NARANJA PUNTA CHANFLEADA;374;RE;30;30;LIBRERIA;30;;30;100,00%;20/10/2026;7;
1016964;ZSSD;RESALTADOR AMARILLO PUNTA CHANFLEADA;374;RE;30;30;LIBRERIA;30;;30;100,00%;20/10/2026;2;
1016968;ZSSD;PERFORADORA MET MIT 20-25 HJ C REGLA;374;RE;2;2;LIBRERIA;2;;2;100,00%;20/10/2026;1;
1016971;ZSSD;NOTAS ADHESIVAS (POST IT) 38X54 MM;374;RE;30;30;LIBRERIA;30;;30;100,00%;20/10/2026;9;
1016976;ZSSD;MARCADOR P PIZARRA NEGRO;374;RE;23;23;LIBRERIA;23;;23;100,00%;20/10/2026;7;
1017003;ZSSD;BATERIA 9V;374;RE;11;11;FERRETERIA;11;;11;100,00%;20/10/2026;8;
1017011;ZSSD;CUADERNO ESPIRAL RAY A4 T.SEMIDURA 80 HJ;374;RE;13;13;LIBRERIA;13;;13;100,00%;20/10/2026;4;
1017019;ZSSD;ABROCHADORA PINZA N10;374;RE;7;7;LIBRERIA;7;;7;100,00%;20/10/2026;2;
1017023;ZSSD;CUADERNO ESPIRAL RAY A4 T.DURA 80 HJ;374;RE;13;13;LIBRERIA;13;;13;100,00%;20/10/2026;10;
1017220;ZSSD;REGLA PLASTICA 30 CM;374;RE;10;10;LIBRERIA;10;;10;100,00%;20/10/2026;5;
1026934;ZSCD;PLOMADA 500GR;374;RE;7;7;FERRETERIA;7;;7;100,00%;20/10/2026;3;
1041938;ZSCD;MAMELUCO GRAFA AZUL C/LOGO Y REFL. T.L;374;RE;8;8;INDUMENTARIA;8;;8;100,00%;20/10/2026;1;
1042512;ZSCD;BOTIN CONW 53 BAF MARRON P.ACER N37;374;RE;8;8;SEGURIDAD;8;;8;100,00%;20/10/2026;6;
1042513;ZSCD;BOTIN CONW 53 BAF MARRON P.ACER N38;374;RE;12;12;SEGURIDAD;12;;12;100,00%;20/10/2026;3;
1042518;ZSCD;BOTIN CONW 53 BAF MARRON P.ACER N44;374;RE;18;18;SEGURIDAD;18;;18;100,00%;20/10/2026;10;
1042519;ZSCD;BOTIN CONW 53 BAF MARRON P.ACER N45;374;RE;6;6;SEGURIDAD;6;;6;100,00%;20/10/2026;2;
1042520;ZSCD;BOTIN CONW 53 BAF MARRON P.ACER N46;374;RE;4;4;SEGURIDAD;4;;4;100,00%;20/10/2026;3;
1047700;ZSCD;CHALECO REFLECTIVO NARANJA C2 C/LOGO T.S;374;RE;30;30;INDUMENTARIA;30;;30;100,00%;20/10/2026;17;
1047703;ZSCD;CHALECO REFLECT. NARANJA C2 C/LOGO T.3XL;374;RE;16;16;INDUMENTARIA;16;;16;100,00%;20/10/2026;5;
1016961;ZSSD;RESALTADOR ROSA PUNTA CHANFLEADA;374;RE;31;31;LIBRERIA;31;;31;100,00%;20/10/2026;11;
1016960;ZSSD;RESALTADOR VERDE PUNTA CHANFLEADA;374;RE;34;34;LIBRERIA;34;;34;100,00%;20/10/2026;5;
1016929;ZSSD;FRATACHO MADERA 30CM XUN;374;RE;30;30;FERRETERIA;30;;30;100,00%;20/10/2026;9;
1016080;ZSCD;BOTIN CONW 53 BAF MARRON FLOR P.ACER N39;374;RE;15;15;SEGURIDAD;15;;15;100,00%;20/10/2026;6;
1025949;ZSSD;MECHA ACERO RAPIDO D10 MM;374;RE;12;12;FERRETERIA;10;2;12;100,00%;20/10/2026;7;
1017045;ZSSD;SECADOR DE PISO 30CM;374;RE;12;12;LIMPIEZA;11;1;12;100,00%;20/10/2026;9;
1017090;ZSSD;ESPATULA METALICA 3PG;374;RE;5;5;FERRETERIA;4;1;5;100,00%;20/10/2026;#N/D;
1001688;ZSTO;TAPON AUDITIVO FOAM CON CORDON;374;RE;150;150;SEGURIDAD;150;;150;100,00%;20/10/2026;43;
1001695;ZSTO;MANGA DESCARNE;374;RE;19;19;SEGURIDAD;19;;19;100,00%;20/10/2026;11;
1001696;ZSTO;POLAINA DESCARNE;374;RE;17;17;SEGURIDAD;17;;17;100,00%;20/10/2026;6;
1001747;ZSTO;BOTA GOMA P.ACERO N 43;374;RE;18;18;SEGURIDAD;18;;18;100,00%;20/10/2026;6;
1001861;ZSTO;TALONARIOREMITO R CUADRUPLICADOX25H.;374;RE;5;5;LIBRERIA;5;;5;100,00%;20/10/2026;4;
1001877;ZSTO;CINTA EMBALAR MARRON 48MM X 100 MT;374;RE;35;35;LIBRERIA;35;;35;100,00%;20/10/2026;16;
1049535;ZSSD;GUANTES LATEX TALLE L;374;RE;16;16;LIMPIEZA;13;3;16;100,00%;20/10/2026;12;
1026248;ZSCD;"DISCO FLAP TYROLIT (847929SL)7""x7/8 G80";374;RE;100;100;FERRETERIA;40;60;100;100,00%;20/10/2026;30;
1001982;ZSTO;VIDRIOP CARETASOLDADOR50X105MMTINTE10;374;RE;10;10;SOLDADURA;10;;10;100,00%;20/10/2026;7;
1001993;ZSTO;ELECTRODO AWS7018 X 3,25 MM X KG;374;RE;32;32;SOLDADURA;32;;32;100,00%;20/10/2026;30;
1001994;ZSTO;ELECTRODO AWS7018 X 2,50 MM X KG;374;RE;30;30;SOLDADURA;30;;30;100,00%;20/10/2026;40;
1002007;ZSTO;CAMISA JEAN T.52 C LOGO;374;RE;14;14;ROPA;14;;14;100,00%;20/10/2026;15;
1002008;ZSTO;CAMISA JEAN T.54 C LOGO;374;RE;8;8;ROPA;8;;8;100,00%;20/10/2026;5;
1002011;ZSTO;PANTALON JEAN T.38;374;RE;10;10;ROPA;10;;10;100,00%;20/10/2026;52;
1002051;ZSTO;CAMPERA 2 PIEL T. L;374;RE;40;40;SEGURIDAD;40;;40;100,00%;20/10/2026;#N/D;
1002061;ZSTO;CAMPERA ABRIGO T. XXXL ROJA CON LOGO;374;RE;25;25;ROPA;25;;25;100,00%;20/10/2026;10;
1016017;ZSCD;BOTIN CONW 53 BAF MARRON FLOR P.ACER N36;374;RE;7;7;SEGURIDAD;7;;7;100,00%;20/10/2026;5;
1001934;ZSTO;DISCO C D O A 114X4.8X22.2 SECUR x UN;374;RE;60;60;FERRETERIA;60;;60;100,00%;20/10/2026;22;
1036100;ZSTO;CONO FLEX. C/REFLECT. Y BASE CAUCHO 70CM;374;RE;160;160;SEGURIDAD;150;10;160;100,00%;20/10/2026;37;
1054305;ZSCD;AEROSOL BASE AGUA ROJO X440CC;374;RE;150;150;INSUMOS;60;90;150;100,00%;20/10/2026;24;
1017974;ZSTO;LIMPIACONTACTOS AEROSOL X240ML;374;RE;12;12;INSUMOS;1;11;12;100,00%;20/10/2026;7;
1001744;ZSTO;BOTA GOMA P.ACERO N 40;374;RE;9;9;SEGURIDAD;6;3;9;100,00%;20/10/2026;3;
1001745;ZSTO;BOTA GOMA P.ACERO N 41;374;RE;20;20;SEGURIDAD;11;9;20;100,00%;20/10/2026;7;
1001746;ZSTO;BOTA GOMA P.ACERO N 42;374;RE;20;20;SEGURIDAD;12;8;20;100,00%;20/10/2026;3;
1001774;ZSTO;ESLINGA SINTETICA 4MTS 4TN CERTIFICADA;374;RE;10;10;SEGURIDAD;4;6;10;100,00%;20/10/2026;2;
1001866;ZSTO;MARCADOR INDUSTRIAL-NEGROXUN;374;RE;300;300;LIBRERIA;144;156;300;100,00%;20/10/2026;43;
1001868;ZSTO;FILMSTRECHMANUALXBOBINAx2,70KG;374;RE;10;10;LIBRERIA;6;4;10;100,00%;20/10/2026;4;
1001872;ZSTO;RESMA DE HOJA A3 75GR. X UN;374;RE;10;10;LIBRERIA;5;5;10;100,00%;20/10/2026;3;
1001880;ZSTO;MARCADOR INDUSTRIAL - AZUL UNIPAINT X UN;374;RE;200;200;LIBRERIA;80;120;200;100,00%;20/10/2026;30;
1001881;ZSTO;MARCADOR INDUSTRIAL - ROJO UNIPAINT X UN;374;RE;240;240;LIBRERIA;105;135;240;100,00%;20/10/2026;38;
1001888;ZSTO;BOLSAS RESIDUOS XUN 102X130 NEGRA;374;RE;460;460;LIMPIEZA;400;60;460;100,00%;20/10/2026;#N/D;
1001737;ZSTO;CRIQUETTENSORCONFAJA9METROSX10CMSGPLANO;374;RE;8;8;SEGURIDAD;6;2;8;100,00%;20/10/2026;#N/D;
1001893;ZSTO;BOLSARESIDUPLASTICA60X90NEGRAXROLLOX10UN;374;RE;90;90;LIMPIEZA;30;60;90;100,00%;20/10/2026;19;
1001895;ZSTO;ALCOHOL LIQUIDO X LITRO;374;RE;30;30;LIMPIEZA;4;26;30;100,00%;20/10/2026;11;
1001949;ZSTO;CANDADO 30MM XUN;374;RE;16;16;FERRETERIA;5;11;16;100,00%;20/10/2026;6;
1026805;ZSTO;PILA ALCALINA AA x UN;374;RE;35;35;FERRETERIA;25;10;35;100,00%;20/10/2026;12;
1001950;ZSTO;CANDADO 38-40MM XUN;374;RE;20;20;FERRETERIA;6;14;20;100,00%;20/10/2026;12;
1001951;ZSTO;CANDADO 50MM XUN;374;RE;20;20;FERRETERIA;6;14;20;100,00%;20/10/2026;5;
1001958;ZSTO;CINTA TEFLON 1/2 X 20MT;374;RE;6;6;FERRETERIA;2;4;6;100,00%;20/10/2026;3;
1001959;ZSTO;CINTA TEFLON 3/4 X 20MT;374;RE;15;15;FERRETERIA;14;1;15;100,00%;20/10/2026;7;
1001960;ZSTO;CINTA AISLADORA AMARILLO X10MT;374;RE;50;50;FERRETERIA;36;14;50;100,00%;20/10/2026;1;
1001963;ZSTO;CINTA AISLADORA VERDE X10MT;374;RE;50;50;FERRETERIA;30;20;50;100,00%;20/10/2026;11;
1001964;ZSTO;CINTA AISLADORA BLANCA;374;RE;25;25;FERRETERIA;15;10;25;100,00%;20/10/2026;10;
1001894;ZSTO;ALCOHOL EN GEL X LITRO;374;RE;20;20;LIMPIEZA;9;11;20;100,00%;20/10/2026;#N/D;
1001969;ZSTO;ESMALTE SINT. AEROSOL BLANCO X440CC;374;RE;65;65;PINTURAS;61;4;65;100,00%;20/10/2026;8;
1016963;ZSSD;RESALTADOR CELESTE PUNTA CHANFLEADA;374;RE;25;25;LIBRERIA;15;10;25;100,00%;20/10/2026;6;
1001727;ZSTO;PROTECTOR AUDITIVO COPA P/CASCO;374;RE;100;100;SEGURIDAD;50;50;100;100,00%;20/10/2026;17;
1001675;ZSTO;CLAVOS P.PARIS 2 XKG;374;RE;128;128;ACEROS;96;32;128;100,00%;20/10/2026;60;
1001676;ZSTO;CLAVOS P.PARIS 2 1 2 XKG;374;RE;220;220;ACEROS;70;150;220;100,00%;20/10/2026;60;
1001682;ZSTO;MAMEL. 1°CAL. DESC. LAMIN.BLANCO 60GR.XL;374;RE;450;450;SEGURIDAD;150;300;450;100,00%;20/10/2026;125;
1001683;ZSTO;RESPIRADOR PARA POLVOSTIPON95CAJAX20UN;374;RE;14;14;SEGURIDAD;11;3;14;100,00%;20/10/2026;4;
1001684;ZSTO;DELANTALDESCARNE0.60X1.20CONREFUERZO;374;RE;15;15;SEGURIDAD;7;8;15;100,00%;20/10/2026;3;
1041940;ZSCD;MAMELUCO GRAFA AZUL C/LOGO Y REFL. T.XXL;374;RE;10;10;INDUMENTARIA;1;9;10;100,00%;20/10/2026;4;
1001871;ZSTO;RESMA DE HOJA A4 70GR. X UN;374;RE;76;76;LIBRERIA;21;55;76;100,00%;20/10/2026;12;
1001885;ZSTO;BOLSAS RESIDUOS XUN 102X130 VERDE;374;RE;750;750;LIMPIEZA;100;650;750;100,00%;20/10/2026;100;
1041939;ZSCD;MAMELUCO GRAFA AZUL C/LOGO Y REFL. T.XL;374;RE;11;11;INDUMENTARIA;1;10;11;100,00%;20/10/2026;3;
1001699;ZSTO;CASCO CARCAZA BLANCO;374;RE;35;35;SEGURIDAD;20;15;35;100,00%;20/10/2026;2;
1017034;ZSSD;TIJERA 17 CM C MANGO PLASTICO;374;RE;11;11;LIBRERIA;7;4;11;100,00%;20/10/2026;2;
1001700;ZSTO;CASCO CARCAZA AMARILLO;374;RE;90;90;SEGURIDAD;19;71;90;100,00%;20/10/2026;5;
1001702;ZSTO;GUANTE SOLDADOR COSTURA KEVLAR;374;RE;21;21;SEGURIDAD;8;13;21;100,00%;20/10/2026;8;
1001706;ZSTO;GUANTE LATEX USO MEDICINAL CAJA X 100 UN;374;RE;4;4;SEGURIDAD;3;1;4;100,00%;20/10/2026;1;
1001707;ZSTO;CHALECOGRAFANARANJACONREFLETIVOT.XLC2;374;RE;120;120;SEGURIDAD;58;62;120;100,00%;20/10/2026;17;
1001878;ZSTO;CINTA DE ENMASCARAR 48MM X ROLLO;374;RE;140;140;LIBRERIA;82;58;140;100,00%;20/10/2026;31;
1001717;ZSTO;PROTECTOR FACIAL BURBUJA INCOLORO;374;RE;120;120;SEGURIDAD;95;25;120;100,00%;20/10/2026;29;
1001728;ZSTO;ADAPTADOR PROTECTOR FACIAL AUDITIVO;374;RE;70;70;SEGURIDAD;6;64;70;100,00%;20/10/2026;33;
1001718;ZSTO;RODILLERA SOLDADOR;374;RE;85;85;SEGURIDAD;55;30;85;100,00%;20/10/2026;30;
1016965;ZSSD;PORTABLOCK ACRILICO C CLIP SUPERIOR;374;RE;39;39;LIBRERIA;6;33;39;100,00%;20/10/2026;17;
1001726;ZSTO;SUSPENSION CREMALLERA;374;RE;200;200;SEGURIDAD;129;71;200;100,00%;20/10/2026;11;
1017021;ZSSD;CUADERNO ESPIRAL CUAD A4 T.DURA 80 HJ;374;RE;14;14;LIBRERIA;4;10;14;100,00%;20/10/2026;10;
1001701;ZSTO;GUANTE NITRILO AZUL PUÑO ELASTIZADO;374;RE;20;20;SEGURIDAD;9;11;20;100,00%;20/10/2026;3;
1001972;ZSTO;ESMALTE SINT. AEROSOL VERDE X440CC;374;RE;24;24;PINTURAS;6;18;24;100,00%;20/10/2026;1;
1048856;ZSCD;BALDE PLASTICO 12LTS.;374;RE;6;6;FERRETERIA;6;;6;100,00%;20/10/2026;3;
1016909;ZSSD;CINTA METRICA X5MT;374;RE;90;90;FERRETERIA;25;65;90;100,00%;20/10/2026;20;
1002068;ZSTO;PANTALON PRIMERA PIEL T.XXL;374;RE;30;30;SEGURIDAD;27;3;30;100,00%;20/10/2026;5;
1002019;ZSTO;PANTALON JEAN T.54;374;RE;15;15;ROPA;10;5;15;100,00%;20/10/2026;7;
1016955;ZSSD;SOGA NAUTICA 10MM;374;RE;600;600;FERRETERIA;500;100;600;100,00%;20/10/2026;200;
1002067;ZSTO;PANTALON PRIMERA PIEL T.XL;374;RE;46;46;SEGURIDAD;35;11;46;100,00%;20/10/2026;9;
1002020;ZSTO;PANTALON JEAN T.56;374;RE;10;10;ROPA;4;6;10;100,00%;20/10/2026;2;
1016921;ZSSD;SOGA NAUTICA 8MM;374;RE;400;400;FERRETERIA;300;100;400;100,00%;20/10/2026;200;
1001677;ZSTO;CLAVOS P.PARIS 3 XKG;374;RE;90;90;ACEROS;;90;90;100,00%;20/10/2026;30;
1016920;ZSSD;SOGA NAUTICA 12MM;374;RE;600;600;FERRETERIA;300;300;600;100,00%;20/10/2026;200;
1002066;ZSTO;PANTALON PRIMERA PIEL T.L;374;RE;45;45;SEGURIDAD;30;15;45;100,00%;20/10/2026;15;
1002021;ZSTO;PANTALON JEAN T.58;374;RE;8;8;ROPA;5;3;8;100,00%;20/10/2026;1;
1002045;ZSTO;CAMISETA PRIMERA PIEL T.L;374;RE;41;41;SEGURIDAD;23;18;41;100,00%;20/10/2026;13;
1002046;ZSTO;CAMISETA PRIMERA PIEL T.XL;374;RE;42;42;SEGURIDAD;33;9;42;100,00%;20/10/2026;4;
1001973;ZSTO;ESMALTE SINT. AEROSOL AZUL X440CC;374;RE;30;30;PINTURAS;6;24;30;100,00%;20/10/2026;#N/D;
1002060;ZSTO;CAMPERA ABRIGO T. XXL ROJA CON LOGO;374;RE;35;35;ROPA;23;12;35;100,00%;20/10/2026;4;
1002059;ZSTO;CAMPERA ABRIGO T. XL ROJA CON LOGO;374;RE;45;45;ROPA;28;17;45;100,00%;20/10/2026;4;
1002058;ZSTO;CAMPERA ABRIGO T. L ROJA CON LOGO;374;RE;50;50;ROPA;24;26;50;100,00%;20/10/2026;5;
1002047;ZSTO;CAMISETA PRIMERA PIEL T.XXL;374;RE;34;34;SEGURIDAD;27;7;34;100,00%;20/10/2026;3;
1002049;ZSTO;CAMPERA 2 PIEL T. S;374;RE;22;22;SEGURIDAD;19;3;22;100,00%;20/10/2026;10;
1002050;ZSTO;CAMPERA 2 PIEL T. M;374;RE;27;27;SEGURIDAD;13;14;27;100,00%;20/10/2026;4;
1002052;ZSTO;CAMPERA 2 PIEL T. XL;374;RE;37;37;SEGURIDAD;12;25;37;100,00%;20/10/2026;6;
1002053;ZSTO;CAMPERA 2 PIEL T. XXL;374;RE;50;50;SEGURIDAD;35;15;50;100,00%;20/10/2026;10;
1002056;ZSTO;CAMPERA ABRIGO T. S ROJA CON LOGO;374;RE;26;26;ROPA;23;3;26;100,00%;20/10/2026;4;
1002018;ZSTO;PANTALON JEAN T.52;374;RE;21;21;ROPA;8;13;21;100,00%;20/10/2026;9;
1016988;ZSSD;CINTA METRICA 3MT;374;RE;102;102;FERRETERIA;48;54;102;100,00%;20/10/2026;7;
1002016;ZSTO;PANTALON JEAN T.48;374;RE;32;32;ROPA;13;19;32;100,00%;20/10/2026;16;
1001984;ZSTO;CARETA PARA SOLDADOR X UN;374;RE;5;5;SOLDADURA;1;4;5;100,00%;20/10/2026;2;
1001985;ZSTO;VIDRIOP CARETASOLDADOR50X105MMINCOLORO;374;RE;15;15;SOLDADURA;14;1;15;100,00%;20/10/2026;2;
1001988;ZSTO;ELECTRODO AWS6013 X 3,25MM X KG;374;RE;60;60;SOLDADURA;40;20;60;100,00%;20/10/2026;0;
1026806;ZSTO;PILA ALCALINA AAA x UN;374;RE;35;35;INSUMOS;22;13;35;100,00%;20/10/2026;14;
1001997;ZSTO;ELECTRODO 6013 X 2 MM X KG;374;RE;65;65;SOLDADURA;60;5;65;100,00%;20/10/2026;#N/D;
1002000;ZSTO;CAMISA JEAN T.38 C LOGO;374;RE;25;25;ROPA;12;13;25;100,00%;20/10/2026;14;
1002001;ZSTO;CAMISA JEAN T.40 C LOGO;374;RE;30;30;ROPA;19;11;30;100,00%;20/10/2026;13;
1002002;ZSTO;CAMISA JEAN T.42 C LOGO;374;RE;44;44;ROPA;16;28;44;100,00%;20/10/2026;13;
1002017;ZSTO;PANTALON JEAN T.50;374;RE;22;22;ROPA;9;13;22;100,00%;20/10/2026;8;
1002003;ZSTO;CAMISA JEAN T.44 C LOGO;374;RE;36;36;ROPA;5;31;36;100,00%;20/10/2026;5;
1016894;ZSTO;MAMEL. 1°CAL. DESC. LAMIN.BLANCO 60GRXXL;374;RE;700;700;SEGURIDAD;325;375;700;100,00%;20/10/2026;175;
1002005;ZSTO;CAMISA JEAN T.48 C LOGO;374;RE;30;30;ROPA;29;1;30;100,00%;20/10/2026;24;
1002071;ZSTO;CAMPERA DESCARNE T.XXXL;374;RE;12;12;SEGURIDAD;6;6;12;100,00%;20/10/2026;2;
1017005;ZSSD;CADENA PLASTICA ROJA Y BLANCA X ML;374;RE;1000;1000;SEGURIDAD;800;200;1000;100,00%;20/10/2026;250;
1002006;ZSTO;CAMISA JEAN T.50 C LOGO;374;RE;15;15;ROPA;5;10;15;100,00%;20/10/2026;2;
1002070;ZSTO;CAMPERA DESCARNE T.XXL;374;RE;6;6;SEGURIDAD;1;5;6;100,00%;20/10/2026;3;
1002012;ZSTO;PANTALON JEAN T.40;374;RE;30;30;ROPA;28;2;30;100,00%;20/10/2026;37;
1002013;ZSTO;PANTALON JEAN T.42;374;RE;30;30;ROPA;15;15;30;100,00%;20/10/2026;20;
1002014;ZSTO;PANTALON JEAN T.44;374;RE;40;40;ROPA;11;29;40;100,00%;20/10/2026;7;
1002015;ZSTO;PANTALON JEAN T.46;374;RE;30;30;ROPA;8;22;30;100,00%;20/10/2026;10;
1002004;ZSTO;CAMISA JEAN T.46 C LOGO;374;RE;46;46;ROPA;25;21;46;100,00%;20/10/2026;24;
1002057;ZSTO;CAMPERA ABRIGO T. M ROJA CON LOGO;374;RE;31;31;ROPA;17;14;31;100,00%;20/10/2026;13;
1015783;ZSSD;CINTA REFLECTIVA ROJA X MTS;374;RE;55;55;SEGURIDAD;46;9,3;;100,55%;20/10/2026;50;
1047983;ZSCD;TENAZA ARMADOR 1/2 CORTE L.30CM MIN.;374;RE;80;80;FERRETERIA;2;79;81;101,25%;20/10/2026;7;
1002044;ZSTO;CAMISETA PRIMERA PIEL T.M;374;RE;27;27;SEGURIDAD;28;;28;103,70%;20/10/2026;12;
1041530;ZSSD;PRECINTO PLASTICO AL-2 X 104MM X 100UN;374;RE;50;50;FERRETERIA;52;;52;104,00%;20/10/2026;4;
1002065;ZSTO;PANTALON PRIMERA PIEL T.M;374;RE;30;30;SEGURIDAD;33;;33;110,00%;20/10/2026;15;
1001890;ZSTO;ABSORBENTE MINERAL DE HIDROCARBUROS X KG;374;RE;90;90;SEGURIDAD;100;;100;111,11%;20/10/2026;24;
1001748;ZSTO;BOTA GOMA P.ACERO N 44;374;RE;8;8;SEGURIDAD;9;;9;112,50%;20/10/2026;5;
1016950;ZSSD;ARRANCAMOTOR AEROSOL WURTH START-RAPID;374;RE;15;15;FERRETERIA;17;;17;113,33%;20/10/2026;16;
1016957;ZSSD;SEPARADOR A4 PLASTICO C LENGUETAS;374;RE;20;20;LIBRERIA;23;;23;115,00%;20/10/2026;3;
1002048;ZSTO;CAMISETA PRIMERA PIEL T.XXXL;374;RE;18;18;SEGURIDAD;21;;21;116,67%;20/10/2026;3;
1016946;ZSSD;TALO LIBRETA DE MAQUINISTA 50H X DUPLICA;374;RE;120;120;LIBRERIA;150;;150;125,00%;20/10/2026;46;
1043077;ZSCD;CAPUCHON PARA HIERRO P. 8/25 MM.;374;RE;1500;1500;FERRETERIA;2000;;2000;133,33%;20/10/2026;#N/D;
1017222;ZSSD;LAPIZ A MINA 05 MM B;374;RE;6;6;LIBRERIA;8;;8;133,33%;20/10/2026;3;
1001945;ZSTO;ADHESIVO FASTIX BLANCO 100ML XUN;374;RE;6;6;FERRETERIA;8;;8;133,33%;20/10/2026;4;
1001687;ZSTO;ANTEOJO INCOLORO;374;RE;550;550;SEGURIDAD;740;;740;134,55%;20/10/2026;200;
1047702;ZSCD;CHALECO REFLECTIVO NARANJA C2 C/LOGO T.L;374;RE;80;80;INDUMENTARIA;29;80;109;136,25%;20/10/2026;8;
1002069;ZSTO;PANTALON PRIMERA PIEL T.XXXL;374;RE;20;20;SEGURIDAD;28;;28;140,00%;20/10/2026;7;
1001968;ZSTO;ESMALTE SINT. AEROSOL AMARILLO X440CC;374;RE;35;35;PINTURAS;54;;54;154,29%;20/10/2026;9;
1016995;ZSSD;BROCHES FLEX CON FILO N50 X1000;374;RE;17;17;LIBRERIA;28;;28;164,71%;20/10/2026;9;
1017030;ZSSD;CINTA AISLADORA AZUL ( GENERICO );374;RE;45;45;FERRETERIA;75;;75;166,67%;20/10/2026;2;
1001944;ZSTO;ADHESIVO TRANSPARENTE X70ML XUN;374;RE;4;4;FERRETERIA;7;;7;175,00%;20/10/2026;#N/D;
1017086;ZSSD;AZADA CON CABO;374;RE;25;25;FERRETERIA;2;43;45;180,00%;20/10/2026;#N/D;
1001709;ZSTO;CINTA PELIGRO 200 MT ROJA BLANCA NYLON;374;RE;20;20;SEGURIDAD;36;;36;180,00%;20/10/2026;13;
1002043;ZSTO;CAMISETA PRIMERA PIEL T.S;374;RE;18;18;SEGURIDAD;35;;35;194,44%;20/10/2026;9;
1002064;ZSTO;PANTALON PRIMERA PIEL T.S;374;RE;25;25;SEGURIDAD;49;;49;196,00%;20/10/2026;26;
1016932;ZSSD;RUEDA NEUMATICA P CARRETILLA 70LT;374;RE;12;12;FERRETERIA;26;;26;216,67%;20/10/2026;12;
1015813;ZSSD;LÍQUIDO PARA LAMPAZO X 5 LTS;374;RE;10;10;LIMPIEZA;22;;22;220,00%;20/10/2026;15;
1001955;ZSTO;SELLADOR DE SILICONA TRANSP;374;RE;13;13;FERRETERIA;40;;40;307,69%;20/10/2026;7;
1002055;ZSTO;MEDIAS TERMICAS T. UNICO PARA -10 GRADOS;374;RE;80;80;ROPA;287;;287;358,75%;20/10/2026;20;
1002054;ZSTO;CAMPERA 2 PIEL T. XXXL;374;RE;18;18;SEGURIDAD;104;;104;577,78%;20/10/2026;4;
1017031;ZSSD;GUANTES ALTO IMPACTO X PAR;374;RE;50;50;INDUMENTARIA;750;;750;1500,00%;20/10/2026;192;
